insert into user (create_time, name, password, phone, nick_name) values('2010-10-23 10:20:30', 'User1', 'test', '18700001111', 'User1');
insert into user (create_time, name, password, phone, nick_name) values('2010-10-24 10:20:30', 'User2', 'test', '18700001111', 'User2');
insert into user (create_time, name, password, phone, nick_name) values('2010-10-25 10:20:30', 'User3', 'test', '18700001111', 'User3');
insert into user (create_time, name, password, phone, nick_name) values('2010-10-26 10:20:30', 'User4', 'test', '18700001111', 'User4');
insert into user (create_time, name, password, phone, nick_name) values('2010-10-26 10:20:30', 'User5', 'test', '18700001111', 'User5');
insert into user (create_time, name, password, phone, nick_name) values('2010-10-26 10:20:30', 'User6', 'test', '18700001111', 'User6');
insert into user (create_time, name, password, phone, nick_name) values('2010-10-26 10:20:30', 'User7', 'test', '18700001111', 'User7');
insert into user (create_time, name, password, phone, nick_name) values('2010-10-26 10:20:30', 'User8', 'test', '18700001111', 'User8');
insert into user (create_time, name, password, phone, nick_name) values('2010-10-26 10:20:30', 'User9', 'test', '18700001111', 'User9');
insert into user (create_time, name, password, phone, nick_name) values('2010-10-26 10:20:30', 'User10', 'test', '18700001111', 'User10');
insert into user (create_time, name, password, phone, nick_name) values('2010-10-26 10:20:30', 'User11', 'test', '18700001111', 'User11');
insert into user (create_time, name, password, phone, nick_name) values('2010-10-26 10:20:30', 'User12', 'test', '18700001111', 'User12');
insert into user (create_time, name, password, phone, nick_name) values('2010-10-26 10:20:30', 'User13', 'test', '18700001111', 'User13');
insert into user (create_time, name, password, phone, nick_name) values('2010-10-26 10:20:30', 'User14', 'test', '18700001111', 'User14');

insert into employee (id, name, dept_id) values(1, '陈婷婷', 1);
insert into employee (id, name, dept_id) values(2, '李华山', 1);
insert into employee (id, name, dept_id) values(3, '王鹏飞', 2);
insert into employee (id, name, dept_id) values(4, '张晓宇', 3);
insert into employee (id, name, dept_id) values(5, '赵丽丽', 3);
insert into employee (id, name, dept_id) values(6, '周娜娜', 3);
insert into employee (id, name, dept_id) values(7, '刘明辉', 4);
insert into employee (id, name, dept_id) values(8, '孙建国', 4);
insert into employee (id, name, dept_id) values(9, '吴军强', 5);
insert into employee (id, name, dept_id) values(10, '郑华丽', 5);

insert into dept (id, name) values(1,'人力资源部门');
insert into dept (id, name) values(2,'财务部门');
insert into dept (id, name) values(3,'技术研发部门');
insert into dept (id, name) values(4,'销售部门');
insert into dept (id, name) values(5,'市场营销部门');


insert into account (id, user_name, money) values(1,'lemur', 5000);
insert into account (id, user_name, money) values(2,'fangmu', 10000);
insert into account (id, user_name, money) values(3,'xiaoming', 1000);